Workbook

Sheet Summary PO Permit
A1: Summary PO RT/RW (CLUSTER NAME)
A2: Permit | B2: 7650000
A3: (Permit + PPh 2.65%) | B3: =B2+(B2*2.65%) -> 7852725

Sheet BoQ NRO Cluster
A1: DISTRIBUSI - SUBFEEEDER | N1: AS PLAN
A2: BOQ GPON FTTH FOR OPTICAL DISTRIBUTION NETWORK (ODN) | N2: OLT Name
A3: PT. EKA MAS REPUBLIK ODN, OSP, Aktivasi, Instalasi, Integrasi, Testing & Dokumentasi | N3: Cluster | S3: VENDOR CODE
A4: PROJECT ROLL OUT 2026 | N4: Net Type | S4: VENDOR NAME
N5: HP | S5: VENDOR STATUS | T5: TURNKEY
A6: No | B6: Description/Item | C6: Unit | D6: Material Qty | E6: Service Qty | F6: Material Price | G6: Service Price | H6: Total Material Price | I6: Total Service Price | J6: Total Price | M6: Koreksi No Material | N6: No Material | O6: Short Text/Description SAP | P6: Remarks | Q6: Service
A7: 1 | B7: Pengamanan & Persiapan
A8: 1.1 | B8: Pengamanan Perizinan dan K3 | C8: ls | E8: 1 | L8: =F8+G8 -> 0 | N8: 500004774 | O8: PENGAMANAN PERIZINAN DAN K3 (Cluster Only) | P8: Material | Q8: Vendor
A9: 1.2 | B9: Transportasi, Mobilisasi & demobilisasi | C9: ls | E9: 1 | H9: =D9*F9 -> 0 | K9: =D9+E9 -> 1 | L9: =F9+G9 -> 0 | N9: 500003890 | O9: TRANSPORTASI, MOBILISASI DAN DEMOBILISASI | P9: Material | Q9: Vendor
A10: Sub Total Preparation | H10: =SUM(H8:H8) -> 0 | I10: =SUM(I8:I8) -> 0 | J10: =H10+I10 -> 0
A12: 2 | B12: ODN, OSP, Aktivasi, Instalasi, termasuk ATP Civil Work, Integrasi, Testing & Dokumentasi
A13: 2.1 | B13: ODN
A14: A | B14: FO core type SM G.652.D-ADSS (Aerial dan Underground)
B15: FO core type SM G.652.D-ADSS 24 cores | C15: meter | D15: =--(IF(T$5="TURNKEY",E16)) -> 0 | H15: =D15*F15 -> 0 | I15: =E15*G15 -> 0 | K15: =D15+E15 -> 0 | L15: =F15+G15 -> 0 | N15: 200000100 | O15: FO TYPE SM G.652.D-ADSS 24 CORES | P15: Material | Q15: Internal
B16: Instal FO core type SM G.652.D-ADSS 24 cores | C16: meter | E16: =SUM('BoM CLUSTER UG'!C24:L27) -> 0 | H16: =D16*F16 -> 0 | I16: =E16*G16 -> 0 | K16: =D16+E16 -> 0 | L16: =F16+G16 -> 0 | N16: 500002050 | O16: INSTAL FO TYPE SM G.652.D-ADSS 24 CORES | P16: Service | Q16: Vendor
B17: FO core type SM G.652.D-ADSS 36 cores | C17: meter | D17: =--(IF(T$5="TURNKEY",E18)) -> 0 | H17: =D17*F17 -> 0 | I17: =E17*G17 -> 0 | K17: =D17+E17 -> 0 | L17: =F17+G17 -> 0 | N17: 200000975 | O17: FO TYPE SM G.652.D-ADSS 36 CORES | P17: Material | Q17: Internal
B18: Instal FO core type SM G.652.D-ADSS 36 cores | C18: meter | E18: =SUM('BoM CLUSTER UG'!C28:L31) -> 0 | H18: =D18*F18 -> 0 | I18: =E18*G18 -> 0 | K18: =D18+E18 -> 0 | L18: =F18+G18 -> 0 | N18: 500002051 | O18: INSTAL FO TYPE SM G.652.D-ADSS 36 CORES | P18: Service | Q18: Vendor
B19: FO core type SM G.652.D-ADSS 48 cores | C19: meter | D19: =--(IF(T$5="TURNKEY",E20)) -> 0 | H19: =D19*F19 -> 0 | I19: =E19*G19 -> 0 | K19: =D19+E19 -> 0 | L19: =F19+G19 -> 0 | N19: 200001038 | O19: FO TYPE SM G.652.D-ADSS 48 CORES | P19: Material | Q19: Internal
B20: Instal FO core type SM G.652.D-ADSS 48 cores | C20: meter | E20: =SUM('BoM CLUSTER UG'!C32:L35) -> 0 | H20: =D20*F20 -> 0 | I20: =E20*G20 -> 0 | K20: =D20+E20 -> 0 | L20: =F20+G20 -> 0 | N20: 500002052 | O20: INSTAL FO TYPE SM G.652.D-ADSS 48 CORES | P20: Service | Q20: Vendor
B21: FO core type SM G.652.D-ADSS 72 cores | C21: meter | N21: 200001970 | O21: FO TYPE SM G.652.D-ADSS 72 CORES | P21: Material | Q21: Internal
B22: Instal FO core type SM G.652.D-ADSS 72 cores | C22: meter | N22: 500003410 | O22: INSTAL FO TYPE SM G.652.D-ADSS 72 CORES | P22: Service | Q22: Vendor
B23: FO core type SM G.652.D-ADSS 96 cores | C23: meter | N23: 200001630 | O23: FO TYPE SM G.652.D-ADSS 96 CORES | P23: Material | Q23: Internal
B24: Instal FO core type SM G.652.D-ADSS 96 cores | C24: meter | N24: 500002890 | O24: INSTAL FO TYPE SM G.652.D-ADSS 96 CORES | P24: Service | Q24: Vendor
B25: FO core type SM G.652.D-ADSS 144 cores | C25: meter | H25: =D25*F25 -> 0 | I25: =E25*G25 -> 0 | K25: =D25+E25 -> 0 | L25: =F25+G25 -> 0 | N25: 200001030 | O25: FO TYPE SM G.652.D-ADSS 144 CORES | P25: Material | Q25: Internal
B26: Instal FO core type SM G.652.D-ADSS 144 cores | C26: meter | H26: =D26*F26 -> 0 | I26: =E26*G26 -> 0 | K26: =D26+E26 -> 0 | L26: =F26+G26 -> 0 | N26: 500002088 | O26: INSTAL FO TYPE SM G.652.D-ADSS 144 CORES | P26: Service | Q26: Vendor
B27: FO core type SM G.652.D-ADSS 288 cores | C27: meter | H27: =D27*F27 -> 0 | I27: =E27*G27 -> 0 | K27: =D27+E27 -> 0 | L27: =F27+G27 -> 0 | N27: 200001015 | O27: FO TYPE SM G.652.D-ADSS 288 CORES | P27: Material | Q27: Internal
B28: Instal FO core type SM G.652.D-ADSS 288 cores | C28: meter | H28: =D28*F28 -> 0 | I28: =E28*G28 -> 0 | K28: =D28+E28 -> 0 | L28: =F28+G28 -> 0 | N28: 500002089 | O28: INSTAL FO TYPE SM G.652.D-ADSS 288 CORES | P28: Service | Q28: Vendor
B29: Round Cable 1C - 50 m | C29: set | D29: =--(IF(T$5="TURNKEY",E30)) -> 0 | N29: 200002668 | O29: ROUND CABLE 1C - 50 M | P29: Material
B30: Install Round Cable 1C - 50 m | C30: set | E30: =SUM('BoM CLUSTER UG'!C17:L17) -> 0 | N30: 500004722 | O30: INSTALL ROUND CABLE 1C - 50 M | P30: Service
B31: Round Cable 1C - 100 m | C31: set | D31: =--(IF(T$5="TURNKEY",E32)) -> 0 | N31: 200002669 | O31: ROUND CABLE 1C - 100 M | P31: Material
B32: Install Round Cable 1C - 100 m | C32: set | E32: =SUM('BoM CLUSTER UG'!C18:L18) -> 0 | N32: 500004723 | O32: INSTALL ROUND CABLE 1C - 100 M | P32: Service
B33: Round Cable 1C - 150 m | C33: set | D33: =--(IF(T$5="TURNKEY",E34)) -> 0 | N33: 200002670 | O33: ROUND CABLE 1C - 150 M | P33: Material
B34: Install Round Cable 1C - 150 m | C34: set | E34: =SUM('BoM CLUSTER UG'!C19:L19) -> 0 | N34: 500004724 | O34: INSTALL ROUND CABLE 1C - 150 M | P34: Service
B35: Round Cable 1C - 200 m | C35: set | D35: =--(IF(T$5="TURNKEY",E36)) -> 0 | N35: 200002671 | O35: ROUND CABLE 1C - 200 M | P35: Material
B36: Install Round Cable 1C - 200 m | C36: set | E36: =SUM('BoM CLUSTER UG'!C20:L20) -> 0 | N36: 500004725 | O36: INSTALL ROUND CABLE 1C - 200 M | P36: Service
B37: Round Cable 1C - 250 m | C37: set | D37: =--(IF(T$5="TURNKEY",E38)) -> 0 | N37: 200002713 | O37: ROUND CABLE 1C - 250 M | P37: Material
B38: Install Round Cable 1C - 250 m | C38: set | E38: =SUM('BoM CLUSTER UG'!C21:L21) -> 0 | N38: 500004777 | O38: INSTALL ROUND CABLE 1C - 250 M | P38: Service
B39: Round Cable 1C - 300 m | C39: set | D39: =--(IF(T$5="TURNKEY",E40)) -> 0 | N39: 200002714 | O39: ROUND CABLE 1C - 300 M | P39: Material
B40: Install Round Cable 1C - 300 m | C40: set | E40: =SUM('BoM CLUSTER UG'!C22:L22) -> 0 | N40: 500004778 | O40: INSTALL ROUND CABLE 1C - 300 M | P40: Service
A41: B | B41: Fiber Distribution Terminal (FDT) SC/APC c/w Box, matrix terminal, Patchtray, Pigtail, label & accessories include concrete base | H41: =D41*F41 -> 0 | I41: =E41*G41 -> 0 | K41: =D41+E41 -> 0 | L41: =F41+G41 -> 0
B42: 48 cores capacity pole mounted FDT | C42: set | D42: =--(IF(T$5="TURNKEY",E43)) -> 0 | H42: =D42*F42 -> 0 | I42: =E42*G42 -> 0 | K42: =D42+E42 -> 0 | L42: =F42+G42 -> 0 | N42: 200001039 | O42: 48 CORES CAPACITY POLE MOUNTED FDT | P42: Material
B43: Instal 48 cores capacity pole mounted FDT | C43: set | E43: =SUM('BoM CLUSTER UG'!C38:L38) -> 0 | I43: =E43*G43 -> 0 | K43: =D43+E43 -> 0 | L43: =F43+G43 -> 0 | N43: 500002053 | O43: INSTAL 48 CORES CAPACITY POLE FDT | P43: Service
B44: 72 cores capacity pole mounted FDT | C44: set | D44: =--(IF(T$5="TURNKEY",E45)) -> 0 | H44: =D44*F44 -> 0 | I44: =E44*G44 -> 0 | K44: =D44+E44 -> 0 | L44: =F44+G44 -> 0 | N44: 200001040 | O44: 72 CORES CAPACITY POLE MOUNTED FDT | P44: Material
B45: Instal 72 cores capacity pole mounted FDT | C45: set | E45: =SUM('BoM CLUSTER UG'!C39:L39) -> 0 | H45: =D45*F45 -> 0 | I45: =E45*G45 -> 0 | K45: =D45+E45 -> 0 | L45: =F45+G45 -> 0 | N45: 500002054 | O45: INSTAL 72 CORES CAPACITY POLE FDT | P45: Service
B46: 96 cores capacity pole mounted FDT | C46: set | D46: =--(IF(T$5="TURNKEY",E47)) -> 0 | H46: =D46*F46 -> 0 | I46: =E46*G46 -> 0 | K46: =D46+E46 -> 0 | L46: =F46+G46 -> 0 | N46: 200001041 | O46: 96 CORES CAPACITY POLE MOUNTED FDT | P46: Material
B47: Instal 96 cores capacity pole mounted FDT | C47: set | E47: =SUM('BoM CLUSTER UG'!C40:L40) -> 0 | H47: =D47*F47 -> 0 | I47: =E47*G47 -> 0 | K47: =D47+E47 -> 0 | L47: =F47+G47 -> 0 | N47: 500002055 | O47: INSTAL 96 CORES CAPACITY POLE FDT | P47: Service
B48: 144 cores capacity ground mounted FDT | C48: set | D48: =--(IF(T$5="TURNKEY",E49)) -> 0 | H48: =D48*F48 -> 0 | I48: =E48*G48 -> 0 | K48: =D48+E48 -> 0 | L48: =F48+G48 -> 0 | N48: 200001042 | O48: 144 CORES CAPACITY GROUND MOUNTED FDT | P48: Material
B49: Instal 144 cores capacity pole mounted FDT | C49: set | E49: =SUM('BoM CLUSTER UG'!C41:L41) -> 0 | H49: =D49*F49 -> 0 | I49: =E49*G49 -> 0 | K49: =D49+E49 -> 0 | L49: =F49+G49 -> 0 | N49: 500002062 | O49: INSTAL 144 CORES CAPACITY POLE FDT | P49: Service
B50: 288 cores capacity ground mounted FDT | C50: set | H50: =D50*F50 -> 0 | I50: =E50*G50 -> 0 | K50: =D50+E50 -> 0 | L50: =F50+G50 -> 0 | N50: 200001043 | O50: 288 CORES CAPACITY GROUND MOUNTED FDT | P50: Material
B51: Instal 288 cores capacity pole mounted FDT | C51: set | H51: =D51*F51 -> 0 | I51: =E51*G51 -> 0 | K51: =D51+E51 -> 0 | L51: =F51+G51 -> 0 | N51: 500002073 | O51: INSTAL 288 CORES CAPACITY POLE FDT | P51: Service
B52: 576 cores capacity ground mounted FDT | C52: set | H52: =D52*F52 -> 0 | I52: =E52*G52 -> 0 | K52: =D52+E52 -> 0 | L52: =F52+G52 -> 0 | N52: 200001044 | O52: 576 CORES CAPACITY GROUND MOUNTED FDT | P52: Material
B53: Instal 576 cores capacity pole mounted FDT | C53: set | H53: =D53*F53 -> 0 | I53: =E53*G53 -> 0 | K53: =D53+E53 -> 0 | L53: =F53+G53 -> 0 | N53: 500002084 | O53: INSTAL 576 CORES CAPACITY POLE FDT | P53: Service
B54: Hub Box (With Splitter 1:2 Even) | C54: unit | D54: =--(IF(T$5="TURNKEY",E55)) -> 0 | N54: 200002672 | O54: HUB BOX (WITH SPLITTER 1:2 EVEN) | P54: Material
B55: Install Hub Box (With Splitter 1:2 Even) | C55: unit | E55: =SUM('BoM CLUSTER UG'!C42:L42) -> 0 | N55: 500004726 | O55: INSTALL HUB BOX (WITH SPLITTER 1:2 EVEN) | P55: Service
A56: C | B56: Optical Splitter (Bracket Mount Type, SC/APC) | H56: =D56*F56 -> 0 | I56: =E56*G56 -> 0 | K56: =D56+E56 -> 0 | L56: =F56+G56 -> 0
B57: Splitter 1:4 | C57: unit | H57: =D57*F57 -> 0 | I57: =E57*G57 -> 0 | K57: =D57+E57 -> 0 | L57: =F57+G57 -> 0 | N57: 100000191 | O57: OPTIC SPLITTER 1:4 WITH SC/APC PIGTAILS | P57: Material
B58: Splitter 1:8 (Modular) | C58: unit | D58: =SUM('BoM CLUSTER UG'!C43:L43) -> 0 | H58: =D58*F58 -> 0 | I58: =E58*G58 -> 0 | K58: =D58+E58 -> 0 | L58: =F58+G58 -> 0 | N58: 100000826 | O58: SPLITTER 1:8 | P58: Material
A59: D | B59: Micro Splitter (PLC Type) | H59: =D59*F59 -> 0 | I59: =E59*G59 -> 0 | K59: =D59+E59 -> 0 | L59: =F59+G59 -> 0
B60: Micro Splitter 1:4 | C60: unit | H60: =D60*F60 -> 0 | I60: =E60*G60 -> 0 | K60: =D60+E60 -> 0 | L60: =F60+G60 -> 0 | N60: 200001045 | O60: MICRO SPLITTER PLC TYPE 1:4 | P60: Material
B61: Micro Splitter 1:8 | C61: unit | D61: =SUM('BoM CLUSTER UG'!C44:L44) -> 0 | H61: =D61*F61 -> 0 | I61: =E61*G61 -> 0 | K61: =D61+E61 -> 0 | L61: =F61+G61 -> 0 | N61: 200001046 | O61: MICRO SPLITTER PLC TYPE 1:8 | P61: Material
A62: E | B62: Fiber Access Terminal (FAT) c/w adapter, pigtail SC/APC, label & accessories | H62: =D62*F62 -> 0 | I62: =E62*G62 -> 0 | K62: =D62+E62 -> 0 | L62: =F62+G62 -> 0
B63: Pole mounted outdoor type (16 ports type) | C63: unit | D63: =--(IF(T$5="TURNKEY",E64)) -> 0 | H63: =D63*F63 -> 0 | I63: =E63*G63 -> 0 | K63: =D63+E63 -> 0 | L63: =F63+G63 -> 0 | N63: 200001047 | O63: FAT POLE MOUNTED TYPE (16 PORTS) | P63: Material
B64: Instal Pole mounted outdoor type (16 ports type) Pole | C64: unit | E64: =SUM('BoM CLUSTER UG'!C45:L48) -> 0 | H64: =D64*F64 -> 0 | I64: =E64*G64 -> 0 | K64: =D64+E64 -> 0 | L64: =F64+G64 -> 0 | M64: 500002142 | N64: 500002142 | O64: INSTAL FAT POLE MOUNTED TYPE (16 PORTS) | P64: Service
B65: Pedestal ground mounted type (16 ports type) | C65: unit | D65: =--(IF(T$5="TURNKEY",E66)) -> 0 | H65: =D65*F65 -> 0 | I65: =E65*G65 -> 0 | K65: =D65+E65 -> 0 | L65: =F65+G65 -> 0 | N65: 100000824 | O65: PEDESTAL MOUNTED TYPE (16 PORTS) | P65: Material
B66: Instal Ground mounted outdoor type (16 ports type) | C66: unit | E66: =SUM('BoM CLUSTER UG'!C115:L115) -> 0 | H66: =D66*F66 -> 0 | I66: =E66*G66 -> 0 | K66: =D66+E66 -> 0 | L66: =F66+G66 -> 0 | N66: 500002097 | O66: INSTAL FAT POLE MOUNTED TYPE (16 PORTS) | P66: Service
B67: Instalasi FAT Underground 8 Port | C67: unit | N67: 500004720 | O67: INSTALASI FAT UNDERGROUND 8 PORT | P67: Service
B68: Instalasi FAT Underground 16 Port | C68: unit | N68: 500004721 | O68: INSTALASI FAT UNDERGROUND 16 PORT | P68: Service
B69: Sub Box (With Splitter 1:9, Uneven 70/30) | C69: unit | N69: 200002673 | O69: SUB BOX (WITH SPLITTER 1:9, UNEVEN 70/30 | P69: Material
B70: Install Sub Box (With Splitter 1:9, Uneven) | C70: unit | N70: 500004727 | O70: INSTALL SUB BOX (WITHSPLITTER1:9,UNEVEN) | P70: Service
B71: End Box (With Splitter 1:8, Even) | C71: unit | N71: 200002674 | O71: END BOX (WITH SPLITTER 1:8, EVEN) | P71: Material
B72: Install End Box (With Splitter 1:8, Even) | C72: unit | N72: 500004728 | O72: INSTALL END BOX (WITH SPLITTER 1:8, EVEN | P72: Service
A73: F | B73: Underground Pedestal SPH920 Signature Series Type include accessories & concrete base | C73: unit | D73: =--(IF(T$5="TURNKEY",E74)) -> 0 | H73: =D73*F73 -> 0 | I73: =E73*G73 -> 0 | K73: =D73+E73 -> 0 | L73: =F73+G73 -> 0 | N73: 200000165 | O73: PEDESTAL | P73: Material
B74: Instal Underground Pedestal SPH920 Signature Series Type include accessories & concrete base | C74: unit | E74: =SUM('BoM CLUSTER UG'!C117:L117) -> 0 | H74: =D74*F74 -> 0 | I74: =E74*G74 -> 0 | K74: =D74+E74 -> 0 | L74: =F74+G74 -> 0 | N74: 500002113 | O74: Instal PEDESTAL | P74: Service
A75: G | B75: Joint Closure | C75: unit | H75: =D75*F75 -> 0 | I75: =E75*G75 -> 0 | K75: =D75+E75 -> 0 | L75: =F75+G75 -> 0
B76: Fiber Optic Joint Closure Type In-line 24 Core | C76: unit | H76: =D76*F76 -> 0 | I76: =E76*G76 -> 0 | K76: =D76+E76 -> 0 | L76: =F76+G76 -> 0 | N76: 200000182 | O76: FO JOINT CLOSURE TYPE IN-LINE 24 CORE | P76: Material
B77: Fiber Optic Joint Closure Type In-line 36 Core | C77: unit | H77: =D77*F77 -> 0 | I77: =E77*G77 -> 0 | K77: =D77+E77 -> 0 | L77: =F77+G77 -> 0 | N77: 200001048 | O77: FO JOINT CLOSURE TYPE INLINE 36C | P77: Material
B78: Fiber Optic Joint Closure Type In-line 48 Core | C78: unit | H78: =D78*F78 -> 0 | I78: =E78*G78 -> 0 | K78: =D78+E78 -> 0 | L78: =F78+G78 -> 0 | N78: 200000159 | O78: FO JOINT CLOSURE TYPE IN-LINE 48 CORE | P78: Material
B79: Fiber Optic Joint Closure Type In-line 72 Core | C79: unit | H79: - | I79: - | N79: 200000174 | O79: FO JOINT CLOSURE TYPE IN-LINE 72 CORE
B80: Fiber Optic Joint Closure Type In-line 96 Core | C80: unit | H80: =D80*F80 -> 0 | I80: =E80*G80 -> 0 | K80: =D80+E80 -> 0 | L80: =F80+G80 -> 0 | N80: 200000179 | O80: FO JOINT CLOSURE TYPE IN-LINE 96 CORE | P80: Material
B81: Fiber Optic Joint Closure Type In-line 144 Core | C81: unit | H81: =D81*F81 -> 0 | I81: =E81*G81 -> 0 | K81: =D81+E81 -> 0 | L81: =F81+G81 -> 0 | N81: 200000186 | O81: FO JOINT CLOSURE TYPE IN-LINE 144 CORE | P81: Material
B82: Fiber Optic Joint Closure Type Inline 288 Core | C82: unit | H82: =D82*F82 -> 0 | I82: =E82*G82 -> 0 | K82: =D82+E82 -> 0 | L82: =F82+G82 -> 0 | N82: 200000155 | O82: FO JOINT CLOSURE TYPE IN-LINE 288 CORE | P82: Material
B83: Fiber Optic Joint Closure Type Dome 24 Core | C83: unit | H83: =D83*F83 -> 0 | I83: =E83*G83 -> 0 | K83: =D83+E83 -> 0 | L83: =F83+G83 -> 0 | N83: 200000180 | O83: FO JOINT CLOSURE TYPE DOME 24 CORE | P83: Material
B84: Fiber Optic Joint Closure Type Dome 36 Core | C84: unit | H84: =D84*F84 -> 0 | I84: =E84*G84 -> 0 | K84: =D84+E84 -> 0 | L84: =F84+G84 -> 0 | N84: 200001049 | O84: FO JOINT CLOSURE TYPE DOME 36C | P84: Material
B85: Fiber Optic Joint Closure Type Dome 48 Core | C85: unit | H85: =D85*F85 -> 0 | I85: =E85*G85 -> 0 | K85: =D85+E85 -> 0 | L85: =F85+G85 -> 0 | N85: 200000164 | O85: FO JOINT CLOSURE TYPE DOME 48 CORE | P85: Material
B86: Fiber Optic Joint Closure Type Dome 72 Core | C86: unit | H86: - | I86: - | N86: 200000178 | O86: FO JOINT CLOSURE TYPE DOME 72 CORE
B87: Fiber Optic Joint Closure Type Dome 96 Core | C87: unit | H87: =D87*F87 -> 0 | I87: =E87*G87 -> 0 | K87: =D87+E87 -> 0 | L87: =F87+G87 -> 0 | N87: 200000176 | O87: FO JOINT CLOSURE TYPE DOME 96 CORE | P87: Material
B88: Fiber Optic Joint Closure Type Dome 144 Core | C88: unit | N88: 200000158 | O88: FO JOINT CLOSURE TYPE DOME 144 CORE | P88: Material
B89: Fiber Optic Joint Closure Type Dome 288 Core | C89: unit | N89: 200000156 | O89: FO JOINT CLOSURE TYPE DOME 288 CORE | P89: Material
A90: H | B90: Pigtail SM SC/APC | C90: pcs | H90: =D90*F90 -> 0 | I90: =E90*G90 -> 0 | K90: =D90+E90 -> 0 | L90: =F90+G90 -> 0 | N90: 200002408 | O90: PIGTAIL - SC/APC SM 1.5M | P90: Material
A91: U | B91: Connector SC/APC | C91: pcs | H91: =D91*F91 -> 0 | I91: =E91*G91 -> 0 | K91: =D91+E91 -> 0 | L91: =F91+G91 -> 0 | N91: 200001009 | O91: CONNECTOR SC/APC | P91: Material
A92: J | B92: Splicing | C92: core | E92: =SUM('BoM CLUSTER UG'!C94:L95) -> 0 | H92: =D92*F92 -> 0 | I92: =E92*G92 -> 0 | K92: =D92+E92 -> 0 | L92: =F92+G92 -> 0 | N92: 500000510 | O92: SPLICING FO | P92: Service
B93: Protector Sleeve | C93: pcs | H93: 0 | I93: 0 | K93: 0 | L93: 0 | N93: 200000232 | O93: Protector Sleeve | P93: Material | Q93: untuk HRB
A94: K | B94: Label Cable (on pole, in Handhole) | C94: pcs | E94: =SUM('BoM CLUSTER UG'!C70:L70) -> 0 | H94: =D94*F94 -> 0 | I94: =E94*G94 -> 0 | K94: =D94+E94 -> 0 | L94: =F94+G94 -> 0 | N94: 200000290 | O94: LABEL KABEL | P94: Material
A95: L | B95: Label FDT | C95: pcs | E95: =SUM('BoM CLUSTER UG'!C71:L71) -> 0 | H95: =D95*F95 -> 0 | I95: =E95*G95 -> 0 | K95: =D95+E95 -> 0 | L95: =F95+G95 -> 0 | N95: 200000273 | O95: LABEL FDT | P95: Material
A96: M | B96: Label FAT (include QR Code) | C96: pcs | E96: =SUM('BoM CLUSTER UG'!C72:L72) -> 0 | H96: =D96*F96 -> 0 | I96: =E96*G96 -> 0 | K96: =D96+E96 -> 0 | L96: =F96+G96 -> 0 | N96: 200000288 | O96: LABEL FAT | P96: Material
A97: N | B97: Label Pole | C97: pcs | E97: =SUM('BoM CLUSTER UG'!C73:L73) -> 0 | H97: =D97*F97 -> 0 | I97: =E97*G97 -> 0 | K97: =D97+E97 -> 0 | L97: =F97+G97 -> 0 | N97: 500001742 | O97: JASA PENGECETAN & LABEL TIANG BESERTA MA | P97: Material
A98: O | B98: Label Pedestal | C98: pcs | E98: =SUM('BoM CLUSTER UG'!C117:L117) -> 0 | H98: =D98*F98 -> 0 | I98: =E98*G98 -> 0 | K98: =D98+E98 -> 0 | L98: =F98+G98 -> 0 | N98: 200000802 | O98: LABEL PEDESTAL | P98: Material
A99: P | B99: Bridge and River crossing | C99: meter | H99: =D99*F99 -> 0 | I99: =E99*G99 -> 0 | K99: =D99+E99 -> 0 | L99: =F99+G99 -> 0
B100: River crossing by self support | C100: meter | H100: =D100*F100 -> 0 | I100: =E100*G100 -> 0 | K100: =D100+E100 -> 0 | L100: =F100+G100 -> 0 | N100: 200001028 | O100: RIVER CROSSING BY SELF SUPPORT | P100: Material
B101: River crossing by attach to existing bridge | C101: set | H101: =D101*F101 -> 0 | I101: =E101*G101 -> 0 | K101: =D101+E101 -> 0 | L101: =F101+G101 -> 0 | N101: 200001011 | O101: RIVER CROSSING BY ATTACH TO BRIDGE | P101: Material
...

Sheet BoM CLUSTER UG
A1: BoM Cluster - Standard ODN | B1: ='BoQ NRO Cluster'!O3 -> 0 | C1: FDT 1 | D1: FDT 2 | E1: FDT 3 | F1: FDT 4 | G1: FDT 5 | H1: FDT 6 | I1: FDT 7 | J1: FDT 8 | K1: FDT 9 | L1: FDT 10 | M1: Unit | N1: Remarks
A2: Total Rute | B2: Line A - 24C/2T | C2: 0 | D2: 0 | E2: 0 | F2: 0 | G2: 0 | H2: 0 | I2: 0 | J2: 0 | K2: 0 | L2: 0 | M2: m | N2: qty based on design
B3: Line B - 24C/2T | C3: 0 | D3: 0 | E3: 0 | F3: 0 | G3: 0 | H3: 0 | I3: 0 | J3: 0 | K3: 0 | L3: 0 | M3: m | N3: qty based on design
B4: Line C - 24C/2T | C4: 0 | D4: 0 | E4: 0 | F4: 0 | G4: 0 | H4: 0 | I4: 0 | J4: 0 | K4: 0 | L4: 0 | M4: m | N4: qty based on design
B5: Line D - 24C/2T | C5: 0 | D5: 0 | E5: 0 | F5: 0 | G5: 0 | H5: 0 | I5: 0 | J5: 0 | K5: 0 | L5: 0 | M5: m | N5: qty based on design
B6: Line A - 36C/3T | C6: 0 | D6: 0 | E6: 0 | F6: 0 | G6: 0 | H6: 0 | I6: 0 | J6: 0 | K6: 0 | L6: 0 | M6: m | N6: qty based on design
B7: Line B - 36C/3T | C7: 0 | D7: 0 | E7: 0 | F7: 0 | G7: 0 | H7: 0 | I7: 0 | J7: 0 | K7: 0 | L7: 0 | M7: m | N7: qty based on design
B8: Line C - 36C/3T | C8: 0 | D8: 0 | E8: 0 | F8: 0 | G8: 0 | H8: 0 | I8: 0 | J8: 0 | K8: 0 | L8: 0 | M8: m | N8: qty based on design
B9: Line D - 36C/3T | C9: 0 | D9: 0 | E9: 0 | F9: 0 | G9: 0 | H9: 0 | I9: 0 | J9: 0 | K9: 0 | L9: 0 | M9: m | N9: qty based on design
B10: Line A - 48C/4T | C10: 0 | D10: 0 | E10: 0 | F10: 0 | G10: 0 | H10: 0 | I10: 0 | J10: 0 | K10: 0 | L10: 0 | M10: m | N10: qty based on design
B11: Line B - 48C/4T | C11: 0 | D11: 0 | E11: 0 | F11: 0 | G11: 0 | H11: 0 | I11: 0 | J11: 0 | K11: 0 | L11: 0 | M11: m | N11: qty based on design
B12: Line C - 48C/4T | C12: 0 | D12: 0 | E12: 0 | F12: 0 | G12: 0 | H12: 0 | I12: 0 | J12: 0 | K12: 0 | L12: 0 | M12: m | N12: qty based on design
B13: Line D - 48C/4T | C13: 0 | D13: 0 | E13: 0 | F13: 0 | G13: 0 | H13: 0 | I13: 0 | J13: 0 | K13: 0 | L13: 0 | M13: m | N13: qty based on design
A14: Total Rute | C14: =SUM(C2:C13) -> 0 | D14: =SUM(D2:D13) -> 0 | E14: =SUM(E2:E13) -> 0 | F14: =SUM(F2:F13) -> 0 | G14: =SUM(G2:G13) -> 0 | H14: =SUM(H2:H13) -> 0 | I14: =SUM(I2:I13) -> 0 | J14: =SUM(J2:J13) -> 0 | ... L14: =SUM(L2:L13) -> 0 | M14: m | N14: auto (based on formula)
B15: Rute Strand Wire | C15: 0 | D15: 0 | E15: 0 | F15: 0 | G15: 0 | H15: 0 | I15: 0 | J15: 0 | K15: 0 | L15: 0 | M15: m | N15: qty based on design
A16: BoM Cluster - Low Cost ODN | B16: ='BoQ NRO Cluster'!O3 -> 0 | C16: HUB BOX 1 | D16: HUB BOX 2 | E16: HUB BOX 3 | F16: HUB BOX 4 | G16: HUB BOX 5 | H16: HUB BOX 6 | I16: HUB BOX 7 | J16: HUB BOX 8 | K16: HUB BOX 9 | L16: HUB BOX 10 | M16: Unit | N16: Remarks
A17: Total Rute | B17: Round Cable 1C - 50 m | C17: 0 | D17: 0 | E17: 0 | F17: 0 | G17: 0 | H17: 0 | I17: 0 | J17: 0 | K17: 0 | L17: 0 | M17: m | N17: qty based on design
B18: Round Cable 1C - 100 m | C18: 0 | D18: 0 | E18: 0 | F18: 0 | G18: 0 | H18: 0 | I18: 0 | J18: 0 | K18: 0 | L18: 0 | M18: m | N18: qty based on design
B19: Round Cable 1C - 150 m | C19: 0 | D19: 0 | E19: 0 | F19: 0 | G19: 0 | H19: 0 | I19: 0 | J19: 0 | K19: 0 | L19: 0 | M19: m | N19: qty based on design
B20: Round Cable 1C - 200 m | C20: 0 | D20: 0 | E20: 0 | F20: 0 | G20: 0 | H20: 0 | I20: 0 | J20: 0 | K20: 0 | L20: 0 | M20: m | N20: qty based on design
B21: Round Cable 1C - 250 m | C21: 0 | D21: 0 | E21: 0 | F21: 0 | G21: 0 | H21: 0 | I21: 0 | J21: 0 | K21: 0 | L21: 0 | M21: m | N21: qty based on design
B22: Round Cable 1C - 300 m | C22: 0 | D22: 0 | E22: 0 | F22: 0 | G22: 0 | H22: 0 | I22: 0 | J22: 0 | K22: 0 | L22: 0 | M22: m | N22: qty based on design
A23: Total Rute | C23: =SUM(C17:C22) -> 0 | D23: =SUM(D17:D22) -> 0 | E23: =SUM(E17:E22) -> 0 | F23: =SUM(F17:F22) -> 0 | G23: =SUM(G17:G22) -> 0 | H23: =SUM(H17:H22) -> 0 | I23: =SUM(I17:I22) -> 0 | J23: =SUM(J17:J22) -> 0 | ... L23: =SUM(L17:L22) -> 0 | M23: m | N23: auto (based on formula)
A24: Total Panjang Kabel (Slack + Toleransi 5%) | B24: =B2 -> Line A - 24C/2T | C24: =IF(C2=0,0,(ROUNDUP(((C2)+(C$61+C$53)*20)*1.05,0))) -> 0 | D24: =IF(D2=0,0,(ROUNDUP(((D2)+(D$61+D$53)*20)*1.05,0))) -> 0 | E24: =IF(E2=0,0,(ROUNDUP(((E2)+(E$61+E$53)*20)*1.05,0))) -> 0 | F24: =IF(F2=0,0,(ROUNDUP(((F2)+(F$61+F$53)*20)*1.05,0))) -> 0 | G24: =IF(G2=0,0,(ROUNDUP(((G2)+(G$61+G$53)*20)*1.05,0))) -> 0 | H24: =IF(H2=0,0,(ROUNDUP(((H2)+(H$61+H$53)*20)*1.05,0))) -> 0 | I24: =IF(I2=0,0,(ROUNDUP(((I2)+(I$61+I$53)*20)*1.05,0))) -> 0 | J24: =IF(J2=0,0,(ROUNDUP(((J2)+(J$61+J$53)*20)*1.05,0))) -> 0 | ... L24: =IF(L2=0,0,(ROUNDUP(((L2)+(L$61+L$53)*20)*1.05,0))) -> 0 | M24: m | N24: auto (based on formula)
B25: =B3 -> Line B - 24C/2T | C25: =IF(C3=0,0,(ROUNDUP(((C3)+(C$62+C$54)*20)*1.05,0))) -> 0 | D25: =IF(D3=0,0,(ROUNDUP(((D3)+(D$62+D$54)*20)*1.05,0))) -> 0 | E25: =IF(E3=0,0,(ROUNDUP(((E3)+(E$62+E$54)*20)*1.05,0))) -> 0 | F25: =IF(F3=0,0,(ROUNDUP(((F3)+(F$62+F$54)*20)*1.05,0))) -> 0 | G25: =IF(G3=0,0,(ROUNDUP(((G3)+(G$62+G$54)*20)*1.05,0))) -> 0 | H25: =IF(H3=0,0,(ROUNDUP(((H3)+(H$62+H$54)*20)*1.05,0))) -> 0 | I25: =IF(I3=0,0,(ROUNDUP(((I3)+(I$62+I$54)*20)*1.05,0))) -> 0 | J25: =IF(J3=0,0,(ROUNDUP(((J3)+(J$62+J$54)*20)*1.05,0))) -> 0 | ... L25: =IF(L3=0,0,(ROUNDUP(((L3)+(L$62+L$54)*20)*1.05,0))) -> 0 | M25: m | N25: auto (based on formula)
B26: =B4 -> Line C - 24C/2T | C26: =IF(C4=0,0,(ROUNDUP(((C4)+(C$63+C$55)*20)*1.05,0))) -> 0 | D26: =IF(D4=0,0,(ROUNDUP(((D4)+(D$63+D$55)*20)*1.05,0))) -> 0 | E26: =IF(E4=0,0,(ROUNDUP(((E4)+(E$63+E$55)*20)*1.05,0))) -> 0 | F26: =IF(F4=0,0,(ROUNDUP(((F4)+(F$63+F$55)*20)*1.05,0))) -> 0 | G26: =IF(G4=0,0,(ROUNDUP(((G4)+(G$63+G$55)*20)*1.05,0))) -> 0 | H26: =IF(H4=0,0,(ROUNDUP(((H4)+(H$63+H$55)*20)*1.05,0))) -> 0 | I26: =IF(I4=0,0,(ROUNDUP(((I4)+(I$63+I$55)*20)*1.05,0))) -> 0 | J26: =IF(J4=0,0,(ROUNDUP(((J4)+(J$63+J$55)*20)*1.05,0))) -> 0 | ... L26: =IF(L4=0,0,(ROUNDUP(((L4)+(L$63+L$55)*20)*1.05,0))) -> 0 | M26: m | N26: auto (based on formula)
B27: =B5 -> Line D - 24C/2T | C27: =IF(C5=0,0,(ROUNDUP(((C5)+(C$64+C$56)*20)*1.05,0))) -> 0 | D27: =IF(D5=0,0,(ROUNDUP(((D5)+(D$64+D$56)*20)*1.05,0))) -> 0 | E27: =IF(E5=0,0,(ROUNDUP(((E5)+(E$64+E$56)*20)*1.05,0))) -> 0 | F27: =IF(F5=0,0,(ROUNDUP(((F5)+(F$64+F$56)*20)*1.05,0))) -> 0 | G27: =IF(G5=0,0,(ROUNDUP(((G5)+(G$64+G$56)*20)*1.05,0))) -> 0 | H27: =IF(H5=0,0,(ROUNDUP(((H5)+(H$64+H$56)*20)*1.05,0))) -> 0 | I27: =IF(I5=0,0,(ROUNDUP(((I5)+(I$64+I$56)*20)*1.05,0))) -> 0 | J27: =IF(J5=0,0,(ROUNDUP(((J5)+(J$64+J$56)*20)*1.05,0))) -> 0 | ... L27: =IF(L5=0,0,(ROUNDUP(((L5)+(L$64+L$56)*20)*1.05,0))) -> 0 | M27: m | N27: auto (based on formula)
B28: =B6 -> Line A - 36C/3T | C28: =IF(C6=0,0,(ROUNDUP(((C6)+(C$61+C$53)*20)*1.05,0))) -> 0 | D28: =IF(D6=0,0,(ROUNDUP(((D6)+(D$61+D$53)*20)*1.05,0))) -> 0 | E28: =IF(E6=0,0,(ROUNDUP(((E6)+(E$61+E$53)*20)*1.05,0))) -> 0 | F28: =IF(F6=0,0,(ROUNDUP(((F6)+(F$61+F$53)*20)*1.05,0))) -> 0 | G28: =IF(G6=0,0,(ROUNDUP(((G6)+(G$61+G$53)*20)*1.05,0))) -> 0 | H28: =IF(H6=0,0,(ROUNDUP(((H6)+(H$61+H$53)*20)*1.05,0))) -> 0 | I28: =IF(I6=0,0,(ROUNDUP(((I6)+(I$61+I$53)*20)*1.05,0))) -> 0 | J28: =IF(J6=0,0,(ROUNDUP(((J6)+(J$61+J$53)*20)*1.05,0))) -> 0 | ... L28: =IF(L6=0,0,(ROUNDUP(((L6)+(L$61+L$53)*20)*1.05,0))) -> 0 | M28: m | N28: auto (based on formula)
B29: =B7 -> Line B - 36C/3T | C29: =IF(C7=0,0,(ROUNDUP(((C7)+(C$62+C$54)*20)*1.05,0))) -> 0 | D29: =IF(D7=0,0,(ROUNDUP(((D7)+(D$62+D$54)*20)*1.05,0))) -> 0 | E29: =IF(E7=0,0,(ROUNDUP(((E7)+(E$62+E$54)*20)*1.05,0))) -> 0 | F29: =IF(F7=0,0,(ROUNDUP(((F7)+(F$62+F$54)*20)*1.05,0))) -> 0 | G29: =IF(G7=0,0,(ROUNDUP(((G7)+(G$62+G$54)*20)*1.05,0))) -> 0 | H29: =IF(H7=0,0,(ROUNDUP(((H7)+(H$62+H$54)*20)*1.05,0))) -> 0 | I29: =IF(I7=0,0,(ROUNDUP(((I7)+(I$62+I$54)*20)*1.05,0))) -> 0 | J29: =IF(J7=0,0,(ROUNDUP(((J7)+(J$62+J$54)*20)*1.05,0))) -> 0 | ... L29: =IF(L7=0,0,(ROUNDUP(((L7)+(L$62+L$54)*20)*1.05,0))) -> 0 | M29: m | N29: auto (based on formula)
B30: =B8 -> Line C - 36C/3T | C30: =IF(C8=0,0,(ROUNDUP(((C8)+(C$63+C$55)*20)*1.05,0))) -> 0 | D30: =IF(D8=0,0,(ROUNDUP(((D8)+(D$63+D$55)*20)*1.05,0))) -> 0 | E30: =IF(E8=0,0,(ROUNDUP(((E8)+(E$63+E$55)*20)*1.05,0))) -> 0 | F30: =IF(F8=0,0,(ROUNDUP(((F8)+(F$63+F$55)*20)*1.05,0))) -> 0 | G30: =IF(G8=0,0,(ROUNDUP(((G8)+(G$63+G$55)*20)*1.05,0))) -> 0 | H30: =IF(H8=0,0,(ROUNDUP(((H8)+(H$63+H$55)*20)*1.05,0))) -> 0 | I30: =IF(I8=0,0,(ROUNDUP(((I8)+(I$63+I$55)*20)*1.05,0))) -> 0 | J30: =IF(J8=0,0,(ROUNDUP(((J8)+(J$63+J$55)*20)*1.05,0))) -> 0 | ... L30: =IF(L8=0,0,(ROUNDUP(((L8)+(L$63+L$55)*20)*1.05,0))) -> 0 | M30: m | N30: auto (based on formula)
B31: =B9 -> Line D - 36C/3T | C31: =IF(C9=0,0,(ROUNDUP(((C9)+(C$64+C$56)*20)*1.05,0))) -> 0 | D31: =IF(D9=0,0,(ROUNDUP(((D9)+(D$64+D$56)*20)*1.05,0))) -> 0 | E31: =IF(E9=0,0,(ROUNDUP(((E9)+(E$64+E$56)*20)*1.05,0))) -> 0 | F31: =IF(F9=0,0,(ROUNDUP(((F9)+(F$64+F$56)*20)*1.05,0))) -> 0 | G31: =IF(G9=0,0,(ROUNDUP(((G9)+(G$64+G$56)*20)*1.05,0))) -> 0 | H31: =IF(H9=0,0,(ROUNDUP(((H9)+(H$64+H$56)*20)*1.05,0))) -> 0 | I31: =IF(I9=0,0,(ROUNDUP(((I9)+(I$64+I$56)*20)*1.05,0))) -> 0 | J31: =IF(J9=0,0,(ROUNDUP(((J9)+(J$64+J$56)*20)*1.05,0))) -> 0 | ... L31: =IF(L9=0,0,(ROUNDUP(((L9)+(L$64+L$56)*20)*1.05,0))) -> 0 | M31: m | N31: auto (based on formula)
B32: =B10 -> Line A - 48C/4T | C32: =IF(C10=0,0,(ROUNDUP(((C10)+(C$61+C$53)*20)*1.05,0))) -> 0 | D32: =IF(D10=0,0,(ROUNDUP(((D10)+(D$61+D$53)*20)*1.05,0))) -> 0 | E32: =IF(E10=0,0,(ROUNDUP(((E10)+(E$61+E$53)*20)*1.05,0))) -> 0 | F32: =IF(F10=0,0,(ROUNDUP(((F10)+(F$61+F$53)*20)*1.05,0))) -> 0 | G32: =IF(G10=0,0,(ROUNDUP(((G10)+(G$61+G$53)*20)*1.05,0))) -> 0 | H32: =IF(H10=0,0,(ROUNDUP(((H10)+(H$61+H$53)*20)*1.05,0))) -> 0 | I32: =IF(I10=0,0,(ROUNDUP(((I10)+(I$61+I$53)*20)*1.05,0))) -> 0 | J32: =IF(J10=0,0,(ROUNDUP(((J10)+(J$61+J$53)*20)*1.05,0))) -> 0 | ... L32: =IF(L10=0,0,(ROUNDUP(((L10)+(L$61+L$53)*20)*1.05,0))) -> 0 | M32: m | N32: auto (based on formula)
B33: =B11 -> Line B - 48C/4T | C33: =IF(C11=0,0,(ROUNDUP(((C11)+(C$62+C$54)*20)*1.05,0))) -> 0 | D33: =IF(D11=0,0,(ROUNDUP(((D11)+(D$62+D$54)*20)*1.05,0))) -> 0 | E33: =IF(E11=0,0,(ROUNDUP(((E11)+(E$62+E$54)*20)*1.05,0))) -> 0 | F33: =IF(F11=0,0,(ROUNDUP(((F11)+(F$62+F$54)*20)*1.05,0))) -> 0 | G33: =IF(G11=0,0,(ROUNDUP(((G11)+(G$62+G$54)*20)*1.05,0))) -> 0 | H33: =IF(H11=0,0,(ROUNDUP(((H11)+(H$62+H$54)*20)*1.05,0))) -> 0 | I33: =IF(I11=0,0,(ROUNDUP(((I11)+(I$62+I$54)*20)*1.05,0))) -> 0 | J33: =IF(J11=0,0,(ROUNDUP(((J11)+(J$62+J$54)*20)*1.05,0))) -> 0 | ... L33: =IF(L11=0,0,(ROUNDUP(((L11)+(L$62+L$54)*20)*1.05,0))) -> 0 | M33: m | N33: auto (based on formula)
B34: =B12 -> Line C - 48C/4T | C34: =IF(C12=0,0,(ROUNDUP(((C12)+(C$63+C$55)*20)*1.05,0))) -> 0 | D34: =IF(D12=0,0,(ROUNDUP(((D12)+(D$63+D$55)*20)*1.05,0))) -> 0 | E34: =IF(E12=0,0,(ROUNDUP(((E12)+(E$63+E$55)*20)*1.05,0))) -> 0 | F34: =IF(F12=0,0,(ROUNDUP(((F12)+(F$63+F$55)*20)*1.05,0))) -> 0 | G34: =IF(G12=0,0,(ROUNDUP(((G12)+(G$63+G$55)*20)*1.05,0))) -> 0 | H34: =IF(H12=0,0,(ROUNDUP(((H12)+(H$63+H$55)*20)*1.05,0))) -> 0 | I34: =IF(I12=0,0,(ROUNDUP(((I12)+(I$63+I$55)*20)*1.05,0))) -> 0 | J34: =IF(J12=0,0,(ROUNDUP(((J12)+(J$63+J$55)*20)*1.05,0))) -> 0 | ... L34: =IF(L12=0,0,(ROUNDUP(((L12)+(L$63+L$55)*20)*1.05,0))) -> 0 | M34: m | N34: auto (based on formula)
B35: =B13 -> Line D - 48C/4T | C35: =IF(C13=0,0,(ROUNDUP(((C13)+(C$64+C$56)*20)*1.05,0))) -> 0 | D35: =IF(D13=0,0,(ROUNDUP(((D13)+(D$64+D$56)*20)*1.05,0))) -> 0 | E35: =IF(E13=0,0,(ROUNDUP(((E13)+(E$64+E$56)*20)*1.05,0))) -> 0 | F35: =IF(F13=0,0,(ROUNDUP(((F13)+(F$64+F$56)*20)*1.05,0))) -> 0 | G35: =IF(G13=0,0,(ROUNDUP(((G13)+(G$64+G$56)*20)*1.05,0))) -> 0 | H35: =IF(H13=0,0,(ROUNDUP(((H13)+(H$64+H$56)*20)*1.05,0))) -> 0 | I35: =IF(I13=0,0,(ROUNDUP(((I13)+(I$64+I$56)*20)*1.05,0))) -> 0 | J35: =IF(J13=0,0,(ROUNDUP(((J13)+(J$64+J$56)*20)*1.05,0))) -> 0 | ... L35: =IF(L13=0,0,(ROUNDUP(((L13)+(L$64+L$56)*20)*1.05,0))) -> 0 | M35: m | N35: auto (based on formula)
A36: Total Panjang Cable | C36: =SUM(C24:C35) -> 0 | D36: =SUM(D24:D35) -> 0 | E36: =SUM(E24:E35) -> 0 | F36: =SUM(F24:F35) -> 0 | G36: =SUM(G24:G35) -> 0 | H36: =SUM(H24:H35) -> 0 | I36: =SUM(I24:I35) -> 0 | J36: =SUM(J24:J35) -> 0 | ... L36: =SUM(L24:L35) -> 0 | M36: m | N36: auto (based on formula)
B37: Panjang Strand Wire + toleransi 5% | C37: =ROUNDUP(((C15*5%)+C15),0) -> 0 | D37: =ROUNDUP(((D15*5%)+D15),0) -> 0 | E37: =ROUNDUP(((E15*5%)+E15),0) -> 0 | F37: =ROUNDUP(((F15*5%)+F15),0) -> 0 | G37: =ROUNDUP(((G15*5%)+G15),0) -> 0 | H37: =ROUNDUP(((H15*5%)+H15),0) -> 0 | I37: =ROUNDUP(((I15*5%)+I15),0) -> 0 | J37: =ROUNDUP(((J15*5%)+J15),0) -> 0 | ... L37: =ROUNDUP(((L15*5%)+L15),0) -> 0 | M37: m | N37: auto (based on formula)
A38: Total FDT Pole Mounted | B38: FDT Pole Mounted 48 core | C38: 0 | D38: 0 | E38: 0 | F38: 0 | G38: 0 | H38: 0 | I38: 0 | J38: 0 | K38: 0 | L38: 0 | M38: set | N38: qty based on design
B39: FDT Pole Mounted 72 core | C39: 0 | D39: 0 | E39: 0 | F39: 0 | G39: 0 | H39: 0 | I39: 0 | J39: 0 | K39: 0 | L39: 0 | M39: set | N39: qty based on design
B40: FDT Pole Mounted 96 core | C40: 0 | D40: 0 | E40: 0 | F40: 0 | G40: 0 | H40: 0 | I40: 0 | J40: 0 | K40: 0 | L40: 0 | M40: set | N40: qty based on design
B41: FDT Ground Mounted 144 core | C41: 0 | D41: 0 | E41: 0 | F41: 0 | G41: 0 | H41: 0 | I41: 0 | J41: 0 | K41: 0 | L41: 0 | M41: set | N41: qty based on design
A42: Total Hub Box Pole Mounted | B42: HUB Box | C42: 0 | D42: 0 | E42: 0 | F42: 0 | G42: 0 | H42: 0 | I42: 0 | J42: 0 | K42: 0 | L42: 0
A43: Total Splitter | B43: Modular 1:8 di FDT | C43: 0 | D43: 0 | E43: 0 | F43: 0 | G43: 0 | H43: 0 | I43: 0 | J43: 0 | K43: 0 | L43: 0 | M43: unit | N43: auto (based on formula)
B44: FAT 1:8 | C44: 0 | D44: 0 | E44: 0 | F44: 0 | G44: 0 | H44: 0 | I44: 0 | J44: 0 | K44: 0 | L44: 0 | M44: unit | N44: auto (based on formula)
A45: Total FAT | B45: Line A | C45: 0 | D45: 0 | E45: 0 | F45: 0 | G45: 0 | H45: 0 | I45: 0 | J45: 0 | K45: 0 | L45: 0 | M45: unit | N45: qty based on design
B46: Line B | C46: 0 | D46: 0 | E46: 0 | F46: 0 | G46: 0 | H46: 0 | I46: 0 | J46: 0 | K46: 0 | L46: 0 | M46: unit | N46: qty based on design
B47: Line C | C47: 0 | D47: 0 | E47: 0 | F47: 0 | G47: 0 | H47: 0 | I47: 0 | J47: 0 | K47: 0 | L47: 0 | M47: unit | N47: qty based on design
B48: Line D | C48: 0 | D48: 0 | E48: 0 | F48: 0 | G48: 0 | H48: 0 | I48: 0 | J48: 0 | K48: 0 | L48: 0 | M48: unit | N48: qty based on design
A49: Total Sub Box | B49: Line A | C49: 0 | D49: 0 | E49: 0 | F49: 0 | G49: 0 | H49: 0 | I49: 0 | J49: 0 | K49: 0 | L49: 0 | M49: unit | N49: qty based on design
B50: Line B | C50: 0 | D50: 0 | E50: 0 | F50: 0 | G50: 0 | H50: 0 | I50: 0 | J50: 0 | K50: 0 | L50: 0 | M50: unit | N50: qty based on design
B51: Line C | C51: 0 | D51: 0 | E51: 0 | F51: 0 | G51: 0 | H51: 0 | I51: 0 | J51: 0 | K51: 0 | L51: 0 | M51: unit | N51: qty based on design
B52: Line D | C52: 0 | D52: 0 | E52: 0 | F52: 0 | G52: 0 | H52: 0 | I52: 0 | J52: 0 | K52: 0 | L52: 0 | M52: unit | N52: qty based on design
A53: Total Slack di FDT | B53: =B45 -> Line A | C53: =IF(C45>=1,1,0) -> 0 | D53: =IF(D45>=1,1,0) -> 0 | E53: =IF(E45>=1,1,0) -> 0 | F53: =IF(F45>=1,1,0) -> 0 | G53: =IF(G45>=1,1,0) -> 0 | H53: =IF(H45>=1,1,0) -> 0 | I53: =IF(I45>=1,1,0) -> 0 | J53: =IF(J45>=1,1,0) -> 0 | ... L53: =IF(L45>=1,1,0) -> 0 | M53: slack | N53: auto (based on formula)
B54: =B46 -> Line B | C54: =IF(C46>=1,1,0) -> 0 | D54: =IF(D46>=1,1,0) -> 0 | E54: =IF(E46>=1,1,0) -> 0 | F54: =IF(F46>=1,1,0) -> 0 | G54: =IF(G46>=1,1,0) -> 0 | H54: =IF(H46>=1,1,0) -> 0 | I54: =IF(I46>=1,1,0) -> 0 | J54: =IF(J46>=1,1,0) -> 0 | ... L54: =IF(L46>=1,1,0) -> 0 | M54: slack | N54: auto (based on formula)
B55: =B47 -> Line C | C55: =IF(C47>=1,1,0) -> 0 | D55: =IF(D47>=1,1,0) -> 0 | E55: =IF(E47>=1,1,0) -> 0 | F55: =IF(F47>=1,1,0) -> 0 | G55: =IF(G47>=1,1,0) -> 0 | H55: =IF(H47>=1,1,0) -> 0 | I55: =IF(I47>=1,1,0) -> 0 | J55: =IF(J47>=1,1,0) -> 0 | ... L55: =IF(L47>=1,1,0) -> 0 | M55: slack | N55: auto (based on formula)
B56: =B48 -> Line D | C56: =IF(C48>=1,1,0) -> 0 | D56: =IF(D48>=1,1,0) -> 0 | E56: =IF(E48>=1,1,0) -> 0 | F56: =IF(F48>=1,1,0) -> 0 | G56: =IF(G48>=1,1,0) -> 0 | H56: =IF(H48>=1,1,0) -> 0 | I56: =IF(I48>=1,1,0) -> 0 | J56: =IF(J48>=1,1,0) -> 0 | ... L56: =IF(L48>=1,1,0) -> 0 | M56: slack | N56: auto (based on formula)
A57: Total Slack di Hub Box | B57: =B49 -> Line A | C57: =IF(C49>=1,1,0) -> 0 | D57: =IF(D49>=1,1,0) -> 0 | E57: =IF(E49>=1,1,0) -> 0 | F57: =IF(F49>=1,1,0) -> 0 | G57: =IF(G49>=1,1,0) -> 0 | H57: =IF(H49>=1,1,0) -> 0 | I57: =IF(I49>=1,1,0) -> 0 | J57: =IF(J49>=1,1,0) -> 0 | ... L57: =IF(L49>=1,1,0) -> 0 | M57: slack | N57: auto (based on formula)
B58: =B50 -> Line B | C58: =IF(C50>=1,1,0) -> 0 | D58: =IF(D50>=1,1,0) -> 0 | E58: =IF(E50>=1,1,0) -> 0 | F58: =IF(F50>=1,1,0) -> 0 | G58: =IF(G50>=1,1,0) -> 0 | H58: =IF(H50>=1,1,0) -> 0 | I58: =IF(I50>=1,1,0) -> 0 | J58: =IF(J50>=1,1,0) -> 0 | ... L58: =IF(L50>=1,1,0) -> 0 | M58: slack | N58: auto (based on formula)
B59: =B51 -> Line C | C59: =IF(C51>=1,1,0) -> 0 | D59: =IF(D51>=1,1,0) -> 0 | E59: =IF(E51>=1,1,0) -> 0 | F59: =IF(F51>=1,1,0) -> 0 | G59: =IF(G51>=1,1,0) -> 0 | H59: =IF(H51>=1,1,0) -> 0 | I59: =IF(I51>=1,1,0) -> 0 | J59: =IF(J51>=1,1,0) -> 0 | ... L59: =IF(L51>=1,1,0) -> 0 | M59: slack | N59: auto (based on formula)
B60: =B52 -> Line D | C60: =IF(C52>=1,1,0) -> 0 | D60: =IF(D52>=1,1,0) -> 0 | E60: =IF(E52>=1,1,0) -> 0 | F60: =IF(F52>=1,1,0) -> 0 | G60: =IF(G52>=1,1,0) -> 0 | H60: =IF(H52>=1,1,0) -> 0 | I60: =IF(I52>=1,1,0) -> 0 | J60: =IF(J52>=1,1,0) -> 0 | ... L60: =IF(L52>=1,1,0) -> 0 | M60: slack | N60: auto (based on formula)
A61: Total Slack di FAT | B61: =B45 -> Line A | C61: =C45 -> 0 | D61: =D45 -> 0 | E61: =E45 -> 0 | F61: =F45 -> 0 | G61: =G45 -> 0 | H61: =H45 -> 0 | I61: =I45 -> 0 | ... L61: =L45 -> 0 | M61: slack | N61: auto (based on formula)
B62: =B46 -> Line B | C62: =C46 -> 0 | D62: =D46 -> 0 | E62: =E46 -> 0 | F62: =F46 -> 0 | G62: =G46 -> 0 | H62: =H46 -> 0 | I62: =I46 -> 0 | ... L62: =L46 -> 0 | M62: slack | N62: auto (based on formula)
B63: =B47 -> Line C | C63: =C47 -> 0 | D63: =D47 -> 0 | E63: =E47 -> 0 | F63: =F47 -> 0 | G63: =G47 -> 0 | H63: =H47 -> 0 | I63: =I47 -> 0 | ... L63: =L47 -> 0 | M63: slack | N63: auto (based on formula)
B64: =B48 -> Line D | C64: =C48 -> 0 | D64: =D48 -> 0 | E64: =E48 -> 0 | F64: =F48 -> 0 | G64: =G48 -> 0 | H64: =H48 -> 0 | I64: =I48 -> 0 | ... L64: =L48 -> 0 | M64: slack | N64: auto (based on formula)
A65: Total Slack di Sub Box | B65: =B53 -> Line A | C65: =C49 -> 0 | D65: =D49 -> 0 | E65: =E49 -> 0 | F65: =F49 -> 0 | G65: =G49 -> 0 | H65: =H49 -> 0 | I65: =I49 -> 0 | J65: =J49 -> 0 | ... L65: =L49 -> 0 | M65: slack | N65: auto (based on formula)
B66: =B54 -> Line B | C66: =C50 -> 0 | D66: =D50 -> 0 | E66: =E50 -> 0 | F66: =F50 -> 0 | G66: =G50 -> 0 | H66: =H50 -> 0 | I66: =I50 -> 0 | J66: =J50 -> 0 | ... L66: =L50 -> 0 | M66: slack | N66: auto (based on formula)
B67: =B55 -> Line C | C67: =C51 -> 0 | D67: =D51 -> 0 | E67: =E51 -> 0 | F67: =F51 -> 0 | G67: =G51 -> 0 | H67: =H51 -> 0 | I67: =I51 -> 0 | J67: =J51 -> 0 | ... L67: =L51 -> 0 | M67: slack | N67: auto (based on formula)
B68: =B56 -> Line D | C68: =C52 -> 0 | D68: =D52 -> 0 | E68: =E52 -> 0 | F68: =F52 -> 0 | G68: =G52 -> 0 | H68: =H52 -> 0 | I68: =I52 -> 0 | J68: =J52 -> 0 | ... L68: =L52 -> 0 | M68: slack | N68: auto (based on formula)
A69: Panjang Slack | C69: =(SUM(C53:C56)+SUM(C61:C64))*20 -> 0 | D69: =(SUM(D53:D56)+SUM(D61:D64))*20 -> 0 | E69: =(SUM(E53:E56)+SUM(E61:E64))*20 -> 0 | F69: =(SUM(F53:F56)+SUM(F61:F64))*20 -> 0 | G69: =(SUM(G53:G56)+SUM(G61:G64))*20 -> 0 | H69: =(SUM(H53:H56)+SUM(H61:H64))*20 -> 0 | I69: =(SUM(I53:I56)+SUM(I61:I64))*20 -> 0 | J69: =(SUM(J53:J56)+SUM(J61:J64))*20 -> 0 | ... L69: =(SUM(L53:L56)+SUM(L61:L64))*20 -> 0 | M69: m | N69: auto (based on formula)
A70: Label | B70: Label Cable | C70: =SUM(C74:C82)*10% -> 0 | D70: =SUM(D74:D82)*10% -> 0 | E70: =SUM(E74:E82)*10% -> 0 | F70: =SUM(F74:F82)*10% -> 0 | G70: =SUM(G74:G82)*10% -> 0 | H70: =SUM(H74:H82)*10% -> 0 | I70: =SUM(I74:I82)*10% -> 0 | J70: =SUM(J74:J82)*10% -> 0 | ... L70: =SUM(L74:L82)*10% -> 0 | M70: pcs | N70: auto (based on formula)
B71: Label FDT / Hub Box | C71: =SUM(C38:C42) -> 0 | D71: =SUM(D38:D42) -> 0 | E71: =SUM(E38:E42) -> 0 | F71: =SUM(F38:F42) -> 0 | G71: =SUM(G38:G42) -> 0 | H71: =SUM(H38:H42) -> 0 | I71: =SUM(I38:I42) -> 0 | J71: =SUM(J38:J42) -> 0 | ... L71: =SUM(L38:L42) -> 0 | M71: pcs | N71: auto (based on formula)
B72: Label FAT / Sub Box include QR code | C72: =SUM(C45:C52) -> 0 | D72: =SUM(D45:D52) -> 0 | E72: =SUM(E45:E52) -> 0 | F72: =SUM(F45:F52) -> 0 | G72: =SUM(G45:G52) -> 0 | H72: =SUM(H45:H52) -> 0 | I72: =SUM(I45:I52) -> 0 | J72: =SUM(J45:J52) -> 0 | ... L72: =SUM(L45:L52) -> 0 | M72: pcs | N72: auto (based on formula)
B73: Label Pole | C73: =SUM(C74:C79) -> 0 | D73: =SUM(D74:D79) -> 0 | E73: =SUM(E74:E79) -> 0 | F73: =SUM(F74:F79) -> 0 | G73: =SUM(G74:G79) -> 0 | H73: =SUM(H74:H79) -> 0 | I73: =SUM(I74:I79) -> 0 | J73: =SUM(J74:J79) -> 0 | ... L73: =SUM(L74:L79) -> 0 | M73: pcs | N73: auto (based on formula)
A74: Pole | B74: 7m 5" (for Distribution Pole / FDT Pole) | M74: unit | N74: qty based on design
B75: 7m 4" (for Feeder Pole / FDT Pole) | C75: 0 | D75: 0 | E75: 0 | F75: 0 | G75: 0 | H75: 0 | I75: 0 | J75: 0 | K75: 0 | L75: 0 | M75: unit | N75: qty based on design
B76: 7m 3" (for Distribution Pole) | C76: 0 | D76: 0 | E76: 0 | F76: 0 | G76: 0 | H76: 0 | I76: 0 | J76: 0 | K76: 0 | L76: 0 | M76: unit | N76: qty based on design
B77: 7m 2.5" (for Home Connect) | C77: 0 | D77: 0 | E77: 0 | F77: 0 | G77: 0 | H77: 0 | I77: 0 | J77: 0 | K77: 0 | L77: 0 | M77: unit
B78: 9m 5" (for crossing roads) | M78: unit | N78: qty based on design
B79: 9m 4" (for crossing roads) | C79: 0 | D79: 0 | E79: 0 | F79: 0 | G79: 0 | H79: 0 | I79: 0 | J79: 0 | K79: 0 | L79: 0 | M79: unit | N79: qty based on design
B80: Existing Pole LN | C80: 0 | D80: 0 | E80: 0 | F80: 0 | G80: 0 | H80: 0 | I80: 0 | J80: 0 | K80: 0 | L80: 0 | M80: unit | N80: qty based on design
B81: Existing Pole MTI | C81: 0 | D81: 0 | E81: 0 | F81: 0 | G81: 0 | H81: 0 | I81: 0 | J81: 0 | K81: 0 | L81: 0 | M81: unit | N81: qty based on design
B82: Existing Pole MR | C82: 0 | D82: 0 | E82: 0 | F82: 0 | G82: 0 | H82: 0 | I82: 0 | J82: 0 | K82: 0 | L82: 0 | M82: unit | N82: qty based on design
A83: Accessoris (1 set every acc) | B83: Cable loop holder/plat strip/Cable hanger | C83: =MAX(C49:C52)+MAX(C53:C56)+SUM(C61:C68) -> 0 | D83: =MAX(D49:D52)+MAX(D53:D56)+SUM(D61:D68) -> 0 | E83: =MAX(E49:E52)+MAX(E53:E56)+SUM(E61:E68) -> 0 | F83: =MAX(F49:F52)+MAX(F53:F56)+SUM(F61:F68) -> 0 | G83: =MAX(G49:G52)+MAX(G53:G56)+SUM(G61:G68) -> 0 | H83: =MAX(H49:H52)+MAX(H53:H56)+SUM(H61:H68) -> 0 | I83: =MAX(I49:I52)+MAX(I53:I56)+SUM(I61:I68) -> 0 | J83: =MAX(J49:J52)+MAX(J53:J56)+SUM(J61:J68) -> 0 | ... L83: =MAX(L49:L52)+MAX(L53:L56)+SUM(L61:L68) -> 0 | M83: pcs | N83: auto (based on formula)
B84: 1. Plate belt 20mm | C84: =(SUM(C45:C52)+SUM(C38:C41))*4 -> 0 | D84: =(SUM(D45:D52)+SUM(D38:D41))*4 -> 0 | E84: =(SUM(E45:E52)+SUM(E38:E41))*4 -> 0 | F84: =(SUM(F45:F52)+SUM(F38:F41))*4 -> 0 | G84: =(SUM(G45:G52)+SUM(G38:G41))*4 -> 0 | H84: =(SUM(H45:H52)+SUM(H38:H41))*4 -> 0 | I84: =(SUM(I45:I52)+SUM(I38:I41))*4 -> 0 | J84: =(SUM(J45:J52)+SUM(J38:J41))*4 -> 0 | ... L84: =(SUM(L45:L52)+SUM(L38:L41))*4 -> 0 | M84: pcs | N84: auto (based on formula)
B85: 2. Suspension clamp | C85: =SUM(C74,C75,C76,C78,C79,C80,C81,C82)*20% -> 0 | D85: =SUM(D74,D75,D76,D78,D79,D80,D81,D82)*20% -> 0 | E85: =SUM(E74,E75,E76,E78,E79,E80,E81,E82)*20% -> 0 | F85: =SUM(F74,F75,F76,F78,F79,F80,F81,F82)*20% -> 0 | G85: =SUM(G74,G75,G76,G78,G79,G80,G81,G82)*20% -> 0 | H85: =SUM(H74,H75,H76,H78,H79,H80,H81,H82)*20% -> 0 | I85: =SUM(I74,I75,I76,I78,I79,I80,I81,I82)*20% -> 0 | J85: =SUM(J74,J75,J76,J78,J79,J80,J81,J82)*20% -> 0 | ... L85: =SUM(L74,L75,L76,L78,L79,L80,L81,L82)*20% -> 0 | M85: pcs | N85: auto (based on formula)
B86: 3. Buldog grip | C86: =(C37/40)*6 -> 0 | D86: =(D37/40)*6 -> 0 | E86: =(E37/40)*6 -> 0 | F86: =(F37/40)*6 -> 0 | G86: =(G37/40)*6 -> 0 | H86: =(H37/40)*6 -> 0 | I86: =(I37/40)*6 -> 0 | J86: =(J37/40)*6 -> 0 | ... L86: =(L37/40)*6 -> 0 | M86: pcs | N86: auto (based on formula)
B87: 7. Clamps Dead end Fittings/clamp buaya | C87: =C90*2 -> 0 | D87: =D90*2 -> 0 | E87: =E90*2 -> 0 | F87: =F90*2 -> 0 | G87: =G90*2 -> 0 | H87: =H90*2 -> 0 | I87: =I90*2 -> 0 | J87: =J90*2 -> 0 | ... L87: =L90*2 -> 0 | M87: pcs | N87: auto (based on formula)
B88: 8. Bahan Pondasi tiang | C88: =SUM(C74:C79) -> 0 | D88: =SUM(D74:D79) -> 0 | E88: =SUM(E74:E79) -> 0 | F88: =SUM(F74:F79) -> 0 | G88: =SUM(G74:G79) -> 0 | H88: =SUM(H74:H79) -> 0 | I88: =SUM(I74:I79) -> 0 | J88: =SUM(J74:J79) -> 0 | ... L88: =SUM(L74:L79) -> 0 | M88: pcs | N88: auto (based on formula)
B89: 5. Clamp 8 (Clamp Gantung) | C89: 0 | D89: 0 | E89: 0 | F89: 0 | G89: 0 | H89: 0 | I89: 0 | J89: 0 | K89: 0 | L89: 0 | M89: pcs | N89: qty based on design (untuk implementasi long span, diinstal per 2 m)
B90: 6. Pole clamp single | C90: =SUM(C74:C82)-C85 -> 0 | D90: =SUM(D74:D82)-D85 -> 0 | E90: =SUM(E74:E82)-E85 -> 0 | F90: =SUM(F74:F82)-F85 -> 0 | G90: =SUM(G74:G82)-G85 -> 0 | H90: =SUM(H74:H82)-H85 -> 0 | I90: =SUM(I74:I82)-I85 -> 0 | J90: =SUM(J74:J82)-J85 -> 0 | ... L90: =SUM(L74:L82)-L85 -> 0 | M90: pcs | N90: auto (based on formula)
B91: 9. Steel clamp | C91: =C85 -> 0 | D91: =D85 -> 0 | E91: =E85 -> 0 | F91: =F85 -> 0 | G91: =G85 -> 0 | H91: =H85 -> 0 | I91: =I85 -> 0 | J91: =J85 -> 0 | ... L91: =L85 -> 0 | M91: pcs | N91: auto (based on formula)
B92: 13. HELICAL DEAD END DIAMETER 15.7-17.0 MM | C92: 0 | D92: 0 | E92: 0 | F92: 0 | G92: 0 | H92: 0 | I92: 0 | J92: 0 | K92: 0 | L92: 0 | M92: pcs | N92: qty based on design
B93: 14. Extention Arm | C93: 0 | D93: 0 | E93: 0 | F93: 0 | G93: 0 | H93: 0 | I93: 0 | J93: 0 | K93: 0 | L93: 0 | M93: pcs | N93: qty based on design
A94: Splicing | B94: at FDT | C94: =C95 -> 0 | D94: =D95 -> 0 | E94: =E95 -> 0 | F94: =F95 -> 0 | G94: =G95 -> 0 | H94: =H95 -> 0 | I94: =I95 -> 0 | J94: =J95 -> 0 | ... L94: =L95 -> 0 | M94: core | N94: auto (based on formula)
B95: at FAT | C95: =SUM(C45:C48) -> 0 | D95: =SUM(D45:D48) -> 0 | E95: =SUM(E45:E48) -> 0 | F95: =SUM(F45:F48) -> 0 | G95: =SUM(G45:G48) -> 0 | H95: =SUM(H45:H48) -> 0 | I95: =SUM(I45:I48) -> 0 | J95: =SUM(J45:J48) -> 0 | ... L95: =SUM(L45:L48) -> 0 | M95: core | N95: auto (based on formula)
A97: 10. Testcom FAT | B97: Total FAT | C97: =C44 -> 0 | D97: =D44 -> 0 | E97: =E44 -> 0 | F97: =F44 -> 0 | G97: =G44 -> 0 | H97: =H44 -> 0 | I97: =I44 -> 0 | J97: =J44 -> 0 | ... L97: =L44 -> 0 | N97: auto (based on formula)
A98: 11. Testcom FDT | B98: Total FDT | C98: =C43 -> 0 | D98: =D43 -> 0 | E98: =E43 -> 0 | F98: =F43 -> 0 | G98: =G43 -> 0 | H98: =H43 -> 0 | I98: =I43 -> 0 | J98: =J43 -> 0 | ... L98: =L43 -> 0 | N98: auto (based on formula)
A100: Survey and Design | B100: Total rute survey | C100: =SUM(C36:C37) -> 0 | D100: =SUM(D36:D37) -> 0 | E100: =SUM(E36:E37) -> 0 | F100: =SUM(F36:F37) -> 0 | G100: =SUM(G36:G37) -> 0 | H100: =SUM(H36:H37) -> 0 | I100: =SUM(I36:I37) -> 0 | J100: =SUM(J36:J37) -> 0 | ... L100: =SUM(L36:L37) -> 0 | M100: m | N100: auto (based on formula)
A101: Project Management | C101: =C100 -> 0 | D101: =D100 -> 0 | E101: =E100 -> 0 | F101: =F100 -> 0 | G101: =G100 -> 0 | H101: =H100 -> 0 | I101: =I100 -> 0 | J101: =J100 -> 0 | ... L101: =L100 -> 0 | M101: m | N101: auto (based on formula)
B102: Cable Looping/Tektok | M102: m | N102: qty based on design
...
